Workbook

Sheet Executive Summary
A1: OLIST E-COMMERCE CUSTOMER ACQUISITION & REVENUE ANALYTICS
A2: Executive reporting workbook | Confirmed project facts + reusable SQL-output templates
A4: Business question | B4: Do sellers acquired through the marketing funnel show up in marketplace transaction data?
A5: Marketing-qualified leads | B5: ='Marketing Funnel'!B2 -> 8000
A6: Closed deals | B6: ='Marketing Funnel'!B3 -> 842
A7: Lead-to-deal rate | B7: =IFERROR(B6/B5,0) -> 0.10525
A8: Closed deals without a transactional seller match | B8: ='Marketing Funnel'!B6 -> 462
A9: Share of closed deals without transaction match | B9: =IFERROR(B8/B6,0) -> 0.54869359
A10: E-commerce / marketing source tables | B10: =COUNTA('Source Inventory'!A2:A12) -> 11
A11: Approximate total source records across 11 tables | B11: =SUM('Source Inventory'!B2:B12) -> 1559764
A12: Geolocation source rows | B12: ='Source Inventory'!B10 -> 1000163
A13: Important interpretation | B13: No transaction match is a reconciliation gap; it does not by itself prove marketing attribution is wrong.

Sheet Marketing Funnel
A1: Metric | B1: Count | C1: Calculation / interpretation
A2: Marketing-qualified leads (MQLs) | B2: 8000 | C2: Source table: raw_marketing_qualified_leads
A3: Closed deals | B3: 842 | C3: Source table: raw_closed_deals
A4: Lead-to-deal rate | B4: =B3/B2 -> 0.10525 | C4: Closed deals divided by MQLs; assumes closed-deal MQLs belong to this lead population
A5: Closed deals with transaction match | B5: =B3-B6 -> 380 | C5: Derived from 842 total deals less 462 without transaction match
A6: Closed deals without transaction match | B6: 462 | C6: Reported reconciliation result; re-run the matching SQL to validate after every reload
A7: No transaction match share | B7: =B6/B3 -> 0.54869359 | C7: Share of closed deals without a matching transactional seller
A9: Interpretation | B9: A missing transaction match can reflect timing, seller inactivity, ID mapping, scope, or a genuine attribution issue. Investigate before drawing conclusions.

Sheet Source Inventory
A1: Dataset | B1: Rows | C1: Grain / note | D1: Validation status
A2: Customers | B2: 99441 | C2: Customer record | D2: PASS
A3: Sellers | B3: 3095 | C3: Seller record | D3: PASS
A4: Product category translations | B4: 71 | C4: Category translation | D4: PASS
A5: Products | B5: 32951 | C5: Product record | D5: PASS
A6: Orders | B6: 99441 | C6: Order record | D6: PASS
A7: Order items | B7: 112650 | C7: Order + item | D7: PASS
A8: Payments | B8: 103886 | C8: Order + payment record | D8: PASS
A9: Reviews | B9: 99224 | C9: Review record; duplicate review IDs observed in profiling | D9: PASS source load; investigate duplicate business keys
A10: Geolocation | B10: 1000163 | C10: ZIP prefix + location; high-volume file | D10: PASS source file row-count validation
A11: Marketing-qualified leads | B11: 8000 | C11: Marketing-qualified lead | D11: PASS
A12: Closed deals | B12: 842 | C12: Closed lead / seller acquisition | D12: PASS
A13: TOTAL SOURCE ROWS | B13: =SUM(B2:B12) -> 1559764 | C13: Sum across tables; not unique entities

Sheet Monthly Trend Template
A1: Purchase month (YYYY-MM) | B1: Delivered orders | C1: Unique customers | D1: Item GMV (BRL) | E1: Freight value (BRL) | F1: AOV (item GMV / orders) - formula
A2: 2016-09 | B2: 1 | C2: 1 | D2: 134.97 | E2: 8.49 | F2: =IFERROR(D2/B2,0) -> 134.97
A3: 2016-10 | B3: 265 | C3: 265 | D3: 40325.11 | E3: 6165.55 | F3: =IFERROR(D3/B3,0) -> 152.17023
A4: 2016-12 | B4: 1 | C4: 1 | D4: 10.9 | E4: 8.72 | F4: =IFERROR(D4/B4,0) -> 10.9
A5: 2017-01 | B5: 750 | C5: 750 | D5: 111798.36 | E5: 15684.01 | F5: =IFERROR(D5/B5,0) -> 149.06448
A6: 2017-02 | B6: 1653 | C6: 1653 | D6: 234223.4 | E6: 37015.92 | F6: =IFERROR(D6/B6,0) -> 141.69595
A7: 2017-03 | B7: 2546 | C7: 2546 | D7: 359198.85 | E7: 55132.1 | F7: =IFERROR(D7/B7,0) -> 141.0836
A8: 2017-04 | B8: 2303 | C8: 2303 | D8: 340669.68 | E8: 50142.72 | F8: =IFERROR(D8/B8,0) -> 147.92431
A9: 2017-05 | B9: 3546 | C9: 3546 | D9: 489338.25 | E9: 77513.15 | F9: =IFERROR(D9/B9,0) -> 137.99725
A10: 2017-06 | B10: 3135 | C10: 3135 | D10: 421923.37 | E10: 68127 | F10: =IFERROR(D10/B10,0) -> 134.58481
A11: 2017-07 | B11: 3872 | C11: 3872 | D11: 481604.52 | E11: 84694.56 | F11: =IFERROR(D11/B11,0) -> 124.38133
A12: 2017-08 | B12: 4193 | C12: 4193 | D12: 554699.7 | E12: 91132.66 | F12: =IFERROR(D12/B12,0) -> 132.29184
A13: 2017-09 | B13: 4150 | C13: 4150 | D13: 607399.67 | E13: 93677.82 | F13: =IFERROR(D13/B13,0) -> 146.36137
... A24: 2018-08 | B24: 6351 | C24: 6351 | D24: 838576.64 | E24: 146915 | F24: =IFERROR(D24/B24,0) -> 132.03852

Sheet Data Quality
A1: Check / observation | B1: Current known result | C1: Business meaning | D1: Recommended action
A2: Source row counts | B2: All 11 source files match expected row counts in ingestion summary | C2: Supports complete file ingestion, not necessarily clean business logic | D2: Re-run row-count checks after each reload
A3: Geolocation rows | B3: 1,000,163 source rows | C3: Large table can hit client/server timeout when transformed in one query | D3: Load/clean in batches if timeout recurs; compare staging and cleaned counts
A4: Order reviews loading | B4: 99,224 rows after escape-handling fix | C4: CSV escape interpretation previously caused silent truncation | D4: Keep ESCAPED BY '' behavior and verify count + warnings
A5: Required-key failures | B5: 0 reported in project documentation | C5: No missing required-key failures in the documented validation run | D5: Repeat validation after reloads
A6: Referential-integrity failures | B6: 0 reported in project documentation | C6: No broken references found by documented checks | D6: Repeat validation after changes
A7: Duplicate review IDs | B7: 814 observed | C7: Review ID duplicates need business-rule assessment | D7: Check whether source rows represent distinct review events before deduplication
A8: Missing category translations | B8: 13 observed | C8: Some category names do not map to English translation | D8: Retain original category and label unmapped values explicitly
A9: Closed deals without transaction match | B9: 462 of 842 (about 55%) | C9: Acquisition-to-transaction reconciliation gap | D9: Investigate IDs, timing, inactive sellers, and mapping logic

Sheet Recommendations
A1: Priority | B1: Recommendation | C1: Why it matters | D1: Suggested owner | E1: Measure of success | F1: Caveat
A2: High | B2: Create a weekly acquisition-to-transaction reconciliation report | C2: 462/842 closed deals have no matching transactional seller record in the reported analysis | D2: Marketing Operations + Data | E2: Unmatched share trends down; every unmatched deal has a reason code | F2: Do not assume every unmatched deal is a failed acquisition
A3: High | B3: Add a seller activation follow-up window | C3: Some sellers may need time between deal closure and first marketplace transaction | D3: Seller Success | E3: Share of acquired sellers with first order within 30/60/90 days | F3: Define activation window and cohort dates before measuring
A4: High | B4: Standardise seller IDs across marketing and transaction systems | C4: ID mismatch can make active sellers look unmatched | D4: Data / CRM Operations | E4: Lower unresolved ID-mapping exceptions | F4: Use auditable crosswalks; never fuzzy-match silently
A5: Medium | B5: Track monthly orders, item GMV, AOV and freight separately | C5: Separating volume, merchandise value and freight gives a clearer marketplace picture | D5: Analytics | E5: Monthly trend reviewed with business stakeholders | F5: Item GMV is not profit and excludes freight
A6: Medium | B6: Segment acquired sellers by activity and revenue contribution | C6: A single conversion number hides differences in seller outcomes | D6: Seller Success + Analytics | E6: Activation and GMV reported by acquisition cohort / segment | F6: Avoid ranking sellers without minimum observation windows
A7: Medium | B7: Monitor delivery and review outcomes together | C7: Fulfilment experience may affect customer satisfaction and repeat behavior | D7: Operations | E7: Delivery-time and review-score trends by cohort | F7: Association is not proof of causation
A8: Medium | B8: Keep ingestion quality checks as release gates | C8: Past silent row truncation shows why row counts and warnings matter | D8: Data Engineering / Analyst | E8: All expected row counts match; zero unexplained load warnings | F8: A successful load alone does not prove semantic correctness
